ts,symbol,open,high,low,close,volume,rsi14,ema12,ema26,enter,enter_at
2025-05-28 16:00:00+02:00,MSFT,461.2200012207031,462.5199890136719,460.3500061035156,460.45001220703125,2471409,,,,False,False
2025-05-28 17:00:00+02:00,MSFT,460.4100036621094,460.5299987792969,459.1600036621094,459.8399963378906,1561664,,,,False,False
2025-05-28 18:00:00+02:00,MSFT,459.8500061035156,459.8900146484375,458.2976989746094,458.78759765625,1579656,,,,False,False
2025-05-28 19:00:00+02:00,MSFT,458.7799987792969,459.0299987792969,457.84930419921875,458.1449890136719,1173755,,,,False,False
2025-05-28 20:00:00+02:00,MSFT,458.1300048828125,458.2250061035156,457.1343078613281,457.760009765625,1030592,,,,False,False
2025-05-28 21:00:00+02:00,MSFT,457.8204040527344,458.7300109863281,456.94000244140625,458.5,1054021,,,,False,False
2025-05-28 22:00:00+02:00,MSFT,458.4800109863281,458.8999938964844,457.04998779296875,457.3800048828125,2505717,,,,False,False
2025-05-29 16:00:00+02:00,MSFT,461.510009765625,461.7200012207031,457.70001220703125,457.7909851074219,2542502,,,,False,False
2025-05-29 17:00:00+02:00,MSFT,457.4742126464844,459.9100036621094,456.760009765625,459.2250061035156,1386134,,,,False,False
2025-05-29 18:00:00+02:00,MSFT,459.2300109863281,459.45001220703125,455.31048583984375,456.7799987792969,1214643,,,,False,False
2025-05-29 19:00:00+02:00,MSFT,456.720703125,459.55999755859375,456.720703125,458.9100036621094,1091692,,,,False,False
2025-05-29 20:00:00+02:00,MSFT,458.9100036621094,459.1199951171875,458.0,458.42999267578125,926769,,458.5994208074477,,False,False
2025-05-29 21:00:00+02:00,MSFT,458.44000244140625,458.6300048828125,457.2799987792969,458.30609130859375,950407,,458.5542931922394,,False,False
2025-05-29 22:00:00+02:00,MSFT,458.2701110839844,459.9700012207031,457.5299987792969,458.45001220703125,2327662,,458.53824996374584,,False,False
2025-05-30 16:00:00+02:00,MSFT,459.7149963378906,460.0,457.60009765625,459.0899963378906,1536593,35.9257664060073,458.6231340213066,,False,False
2025-05-30 17:00:00+02:00,MSFT,459.06500244140625,460.2149963378906,458.44000244140625,458.8399963378906,1415698,35.05654447239486,458.65649745462724,,False,False
2025-05-30 18:00:00+02:00,MSFT,458.8349914550781,459.6549987792969,458.3500061035156,458.95001220703125,982348,35.79276615511972,458.7016535703817,,False,False
2025-05-30 19:00:00+02:00,MSFT,459.010009765625,459.760009765625,455.5400085449219,456.6300048828125,1669134,28.464577273010804,458.3829383876788,,False,False
2025-05-30 20:00:00+02:00,MSFT,456.69000244140625,457.8349914550781,456.5799865722656,457.5350036621094,1081730,34.1300006658939,458.25248689143734,,False,False
2025-05-30 21:00:00+02:00,MSFT,457.55499267578125,459.989990234375,457.25,459.8924865722656,1298841,46.10431067373695,458.5047945346417,,False,False
2025-05-30 22:00:00+02:00,MSFT,459.8949890136719,461.67999267578125,458.6700134277344,459.5899963378906,6057635,44.974573597975734,458.67174865821846,,False,False
2025-06-02 16:00:00+02:00,MSFT,457.0,461.1400146484375,456.8900146484375,459.32000732421875,2689507,43.93964168975272,458.77148076068005,,False,False
2025-06-02 17:00:00+02:00,MSFT,459.2699890136719,461.4100036621094,458.3699951171875,461.0299987792969,1814811,51.544942057374456,459.1189450712365,,False,False
2025-06-02 18:00:00+02:00,MSFT,460.92999267578125,461.4800109863281,460.0,461.04998779296875,1780621,51.62755358672253,459.4160285668876,,False,False
2025-06-02 19:00:00+02:00,MSFT,461.0,462.05999755859375,460.5799865722656,461.6099853515625,1291068,53.99399376750563,459.7535603799145,,False,False
2025-06-02 20:00:00+02:00,MSFT,461.614990234375,462.03179931640625,460.23748779296875,460.43499755859375,1227103,48.619474283844355,459.8583968689421,459.49679301245305,False,False
2025-06-02 21:00:00+02:00,MSFT,460.4599914550781,461.7799072265625,460.19000244140625,461.70001220703125,1029595,53.93572344988393,460.14172230557125,459.6599944342737,False,False
2025-06-02 22:00:00+02:00,MSFT,461.7077941894531,462.1099853515625,460.92999267578125,462.0199890136719,2257007,55.198444740841964,460.43068641450986,459.83480884756244,False,False
2025-06-03 16:00:00+02:00,MSFT,461.4700012207031,464.114990234375,461.3500061035156,462.7749938964844,2723701,58.115926222909835,460.7913491040444,460.05260033266774,False,False
2025-06-03 17:00:00+02:00,MSFT,462.79998779296875,463.2300109863281,460.8622131347656,462.4649963378906,1936595,56.489348645135124,461.0488332938669,460.2312963330546,True,False
2025-06-03 18:00:00+02:00,MSFT,462.42999267578125,462.8500061035156,462.0,462.19000244140625,1686858,55.018269599952006,461.2243977781037,460.376385674414,False,True
2025-06-03 19:00:00+02:00,MSFT,462.2099914550781,463.1000061035156,462.010009765625,462.5849914550781,885358,56.76008034475062,461.4337198822536,460.53998610261135,False,False
2025-06-03 20:00:00+02:00,MSFT,462.5895080566406,463.3900146484375,461.92999267578125,462.5799865722656,1049233,56.73010446274823,461.61006860379393,460.6910972485117,False,False
2025-06-03 21:00:00+02:00,MSFT,462.60931396484375,463.57000732421875,461.7850036621094,463.33990478515625,1219925,60.16964746081296,461.8761972470804,460.8873052141891,False,False
2025-06-03 22:00:00+02:00,MSFT,463.2900085449219,463.6199951171875,462.6600036621094,463.1400146484375,2595741,58.84460217169437,462.07063069344304,461.05417257968895,False,False
2025-06-04 16:00:00+02:00,MSFT,464.0,465.6400146484375,463.0201110839844,465.3800048828125,2379819,67.48567147527675,462.5797651841153,461.37460460214254,False,False
2025-06-04 17:00:00+02:00,MSFT,465.4200134277344,465.5299987792969,463.7699890136719,465.0050048828125,1799291,65.02425067396153,462.95287898391484,461.6435231414514,True,False
2025-06-04 18:00:00+02:00,MSFT,465.010009765625,465.1499938964844,464.3900146484375,464.57000732421875,1087930,62.190643903139126,463.20166795934625,461.8602997475823,False,True
2025-06-04 19:00:00+02:00,MSFT,464.5199890136719,464.6000061035156,463.6650085449219,464.2699890136719,1265241,60.2407967980871,463.3660250446271,462.03879524877414,False,False
2025-06-04 20:00:00+02:00,MSFT,464.2699890136719,465.1000061035156,464.1400146484375,464.7699890136719,749871,62.35888901519914,463.58201950140324,462.2411058980258,False,False
2025-06-04 21:00:00+02:00,MSFT,464.69500732421875,464.92999267578125,464.1700134277344,464.42999267578125,883472,60.01749774249682,463.712476912846,462.40324565934105,False,False
2025-06-04 22:00:00+02:00,MSFT,464.3699951171875,464.6600036621094,463.2699890136719,463.8890075683594,2132767,56.38947947157817,463.73963547523266,462.5133020970461,False,False
2025-06-05 16:00:00+02:00,MSFT,465.0,467.3599853515625,464.2900085449219,465.17498779296875,1852373,62.2337359836146,463.9604589087305,462.7104640004478,False,False
2025-06-05 17:00:00+02:00,MSFT,465.2298889160156,467.4798889160156,464.44000244140625,466.7560119628906,1943633,67.92483120368513,464.39054399398594,463.0101342198881,True,False
2025-06-05 18:00:00+02:00,MSFT,466.7650146484375,468.7492980957031,466.5899963378906,468.54559326171875,1858765,72.90242895519471,465.0297823428679,463.4201682229866,False,True
2025-06-05 19:00:00+02:00,MSFT,468.55999755859375,468.681884765625,466.24310302734375,466.7300109863281,2065356,62.33369628980042,465.2913559803233,463.6653417610119,False,False
2025-06-05 20:00:00+02:00,MSFT,466.6400146484375,467.989990234375,466.4100036621094,467.635009765625,1298523,65.05328956290015,465.65191810113896,463.95939124283507,False,False
2025-06-05 21:00:00+02:00,MSFT,467.55999755859375,469.6499938964844,466.4800109863281,469.30999755859375,2299621,69.44984637237427,466.214699556132,464.3557324514098,False,False
2025-06-05 22:00:00+02:00,MSFT,469.3399963378906,469.54888916015625,466.7749938964844,467.6099853515625,3287861,61.05432113821145,466.42935890927515,464.5967882217914,False,False
2025-06-06 16:00:00+02:00,MSFT,470.30999755859375,472.70989990234375,469.1300048828125,472.3497009277344,3453084,71.42571064228603,467.34018075826884,465.1710780518613,False,False
2025-06-06 17:00:00+02:00,MSFT,472.4150085449219,473.3349914550781,470.68499755859375,471.0443115234375,2267678,66.19706860754252,467.9100470298332,465.6061323830891,True,False
2025-06-06 18:00:00+02:00,MSFT,471.7900085449219,471.95001220703125,469.5799865722656,470.875,1226902,65.52705120611861,468.36619364062807,465.99641887323065,False,True
2025-06-06 19:00:00+02:00,MSFT,470.8599853515625,471.0050048828125,468.80999755859375,469.6600036621094,940323,60.7733321853767,468.5652413362406,466.2677955242587,False,False
2025-06-06 20:00:00+02:00,MSFT,469.6700134277344,471.5199890136719,469.3699951171875,471.2099914550781,1194363,64.32859039012611,468.9721259699079,466.63388411172684,False,False
2025-06-06 21:00:00+02:00,MSFT,471.25,471.8299865722656,470.8999938964844,471.1099853515625,1042215,63.92601218909477,469.30102741323935,466.9654471665295,False,False
2025-06-06 22:00:00+02:00,MSFT,471.1050109863281,471.42999267578125,470.0801086425781,470.1600036621094,2250262,60.07967623166651,469.4331776053732,467.2020809810169,False,False
2025-06-09 16:00:00+02:00,MSFT,470.5350036621094,471.2250061035156,468.6199951171875,470.2149963378906,1910675,60.22885670403543,469.55345741037587,467.42525989634083,False,False
2025-06-09 17:00:00+02:00,MSFT,470.2799987792969,471.12799072265625,469.8399963378906,469.92999267578125,1558344,58.99833868446001,469.6113859127459,467.61079565778084,True,False
2025-06-09 18:00:00+02:00,MSFT,469.92999267578125,471.20001220703125,469.75,470.4100036621094,1598248,60.463440000616046,469.7342501818788,467.8181443988422,False,True
2025-06-09 19:00:00+02:00,MSFT,470.3999938964844,472.4549865722656,470.0299987792969,471.7300109863281,1182320,64.24690479198142,470.04129030564025,468.10791229421153,False,False
2025-06-09 20:00:00+02:00,MSFT,471.70001220703125,472.8999938964844,471.70001220703125,472.5400085449219,865647,66.37340653514042,470.42570849629897,468.43621572019003,False,False
2025-06-09 21:00:00+02:00,MSFT,472.55230712890625,473.42999267578125,472.3763122558594,473.3800048828125,1091969,68.46791966963278,470.88021563268563,468.80242232482874,False,False
2025-06-09 22:00:00+02:00,MSFT,473.3299865722656,473.4200134277344,472.2349853515625,472.760009765625,3152801,65.23796675266925,471.1694147300609,469.0955769500729,False,False
2025-06-10 16:00:00+02:00,MSFT,471.18499755859375,472.79998779296875,468.3301086425781,470.1799011230469,2651157,53.85253252886811,471.01718186744336,469.1758972591821,False,False
2025-06-10 17:00:00+02:00,MSFT,470.2200012207031,470.45001220703125,468.66009521484375,469.04998779296875,1685858,49.757132337417914,470.7145366252165,469.16657063205514,False,False
2025-06-10 18:00:00+02:00,MSFT,469.2467956542969,469.30999755859375,466.9599914550781,469.25311279296875,2012923,50.486119876623036,470.48970218948614,469.17298116249316,False,False
2025-06-10 19:00:00+02:00,MSFT,469.2300109863281,469.8999938964844,469.1499938964844,469.489990234375,845799,51.372204651573874,470.33590035023826,469.1964633159659,False,False
2025-06-10 20:00:00+02:00,MSFT,469.489990234375,470.1708984375,467.9100036621094,468.3349914550781,899682,46.95941248595033,470.02806821252136,469.13265058552975,False,False
2025-06-10 21:00:00+02:00,MSFT,468.1199951171875,470.4100036621094,468.0799865722656,470.2699890136719,1254917,54.07652160629983,470.0652867973137,469.2168978765032,False,False
2025-06-10 22:00:00+02:00,MSFT,470.28619384765625,471.0299987792969,469.7099914550781,470.92999267578125,2611996,56.233698471052584,470.1983184709241,469.3437937875608,False,False
2025-06-11 16:00:00+02:00,MSFT,470.1199951171875,473.5,469.6549987792969,473.0,2599088,62.2267206992505,470.62934639847424,469.61462387737106,False,False
2025-06-11 17:00:00+02:00,MSFT,472.9700012207031,475.4599914550781,472.9599914550781,475.18499755859375,2550404,67.31446620805737,471.33021580772345,470.02724415005423,True,False
2025-06-11 18:00:00+02:00,MSFT,475.19000244140625,475.3500061035156,473.57000732421875,473.760009765625,1352159,61.49693120104333,471.7040302627852,470.3037453067632,False,True
2025-06-11 19:00:00+02:00,MSFT,473.760009765625,474.9150085449219,473.239990234375,474.8949890136719,1000487,64.15417065589585,472.1949469936908,470.6438374332009,False,False
2025-06-11 20:00:00+02:00,MSFT,474.9150085449219,475.19000244140625,471.9200134277344,472.489990234375,1318713,55.42535271939841,472.2403382614883,470.7805894925471,False,False
2025-06-11 21:00:00+02:00,MSFT,472.42999267578125,472.9700012207031,470.95001220703125,472.22198486328125,1189624,54.53488483391265,472.2375146617641,470.8873595200089,False,False
2025-06-11 22:00:00+02:00,MSFT,472.17999267578125,473.0,471.6300048828125,472.8999938964844,2609128,56.44148458031337,472.3394345440288,471.03644354789594,False,False
2025-06-12 16:00:00+02:00,MSFT,475.0199890136719,476.08538818359375,472.6199951171875,475.2550048828125,2491944,62.347765871622805,472.7879838269186,471.3489295727046,False,False
2025-06-12 17:00:00+02:00,MSFT,472.6199951171875,477.57000732421875,472.6199951171875,477.2200012207031,2158206,66.43711200560347,473.4698326567316,471.78382376885264,True,False
2025-06-12 18:00:00+02:00,MSFT,477.2391052246094,478.0835876464844,476.3599853515625,477.8999938964844,1440763,67.7427351338381,474.1513959243859,472.23687340793646,False,True
2025-06-12 19:00:00+02:00,MSFT,477.9100036621094,479.30999755859375,477.82000732421875,478.7149963378906,1869901,69.28496423767686,474.8534882956943,472.7167343657108,False,False
2025-06-12 20:00:00+02:00,MSFT,478.7300109863281,479.989990234375,478.7099914550781,479.4849853515625,1634332,70.70976616976733,475.56602630428944,473.21808629058876,False,False
2025-06-12 21:00:00+02:00,MSFT,479.4898986816406,480.1400146484375,478.989990234375,479.7449951171875,1623618,71.19567081413572,476.20894458319685,473.70156101848494,False,False
2025-06-12 22:00:00+02:00,MSFT,479.739990234375,480.3999938964844,477.989990234375,479.0299987792969,3207113,67.86177321837378,476.6429529210584,474.0962601118784,False,False
2025-06-13 16:00:00+02:00,MSFT,475.7650146484375,479.17999267578125,475.3699951171875,478.20001220703125,2536565,64.10885890593926,476.88250050351576,474.40024174855637,False,False
2025-06-13 17:00:00+02:00,MSFT,478.19500732421875,478.2850036621094,474.95001220703125,476.1300048828125,2296665,55.817938645939584,476.76673194648447,474.5283723510939,True,False
2025-06-13 18:00:00+02:00,MSFT,476.1300048828125,477.6300048828125,475.6549987792969,477.1919860839844,1485909,58.764310660734836,476.832155659946,474.7256770720487,False,True
2025-06-13 19:00:00+02:00,MSFT,477.2349853515625,478.0799865722656,475.8999938964844,476.32220458984375,1065211,55.49985004343212,476.75370164916103,474.84393836966314,False,False
2025-06-13 20:00:00+02:00,MSFT,476.31500244140625,476.82000732421875,475.0,475.3800048828125,1054263,52.122029370870976,476.54236368510743,474.8836470002668,False,False
2025-06-13 21:00:00+02:00,MSFT,475.4100036621094,475.8599853515625,472.79998779296875,474.1700134277344,1759401,48.07541479532087,476.1773867224347,474.83078525415334,False,False
2025-06-13 22:00:00+02:00,MSFT,474.20001220703125,475.17999267578125,473.70001220703125,474.9599914550781,3198214,50.76310127761248,475.99009514284137,474.8403560838515,False,False
2025-06-16 16:00:00+02:00,MSFT,478.1072998046875,480.4432067871094,476.54998779296875,479.8931884765625,3155435,63.4768132250545,476.59057104033695,475.21463996479304,False,False
2025-06-16 17:00:00+02:00,MSFT,479.8855895996094,480.6943054199219,479.3599853515625,479.4800109863281,1837259,62.03206947856269,477.0351002627972,475.5305933737956,True,False
2025-06-16 18:00:00+02:00,MSFT,479.526611328125,480.64990234375,479.20001220703125,479.6700134277344,1483339,62.45525623117151,477.4404715189414,475.83721708149477,False,True
2025-06-16 19:00:00+02:00,MSFT,479.6700134277344,480.5704040527344,479.55499267578125,479.739990234375,825050,62.62050119549806,477.7942436290081,476.12631138911553,False,False
2025-06-16 20:00:00+02:00,MSFT,479.7550048828125,480.3192138671875,478.760009765625,479.0199890136719,865070,59.70857993291515,477.98281984203334,476.3406578798234,False,False
2025-06-16 21:00:00+02:00,MSFT,479.0299987792969,479.1099853515625,477.7627868652344,478.1000061035156,1033275,56.11775223762676,478.000848497646,476.4709799704673,False,False
2025-06-16 22:00:00+02:00,MSFT,478.1000061035156,479.3299865722656,477.8599853515625,479.04998779296875,2590993,58.86851045645153,478.1622545430803,476.6620175869489,False,False
2025-06-17 16:00:00+02:00,MSFT,475.3500061035156,476.6099853515625,474.1000061035156,474.9100036621094,2248803,45.486670579495026,477.6619082537002,476.5322387777015,False,False
2025-06-17 17:00:00+02:00,MSFT,474.95001220703125,476.6600036621094,474.7215881347656,476.5154113769531,1187014,50.21296127868772,477.485524118816,476.53099230357196,False,False
2025-06-17 18:00:00+02:00,MSFT,476.510009765625,477.9800109863281,476.1499938964844,477.6600036621094,1251049,53.32034919980118,477.5123671254765,476.61462277457474,False,False
2025-06-17 19:00:00+02:00,MSFT,477.7099914550781,478.7398986816406,476.95001220703125,477.3102111816406,1132442,52.247136002003174,477.4812662110402,476.66614784176477,False,False
2025-06-17 20:00:00+02:00,MSFT,477.2850036621094,477.79998779296875,475.3900146484375,476.21661376953125,1228787,48.9311682908118,477.2867042969619,476.6328490215993,False,False
2025-06-17 21:00:00+02:00,MSFT,476.2049865722656,477.4150085449219,475.9700012207031,476.8500061035156,939460,50.87582560228454,477.2195199595086,476.6489347313709,False,False
2025-06-17 22:00:00+02:00,MSFT,476.864990234375,478.67999267578125,476.6600036621094,478.0400085449219,2519233,54.389877189274635,477.3457489726491,476.7519772360784,False,False
2025-06-18 16:00:00+02:00,MSFT,478.0,478.510009765625,475.20001220703125,477.67498779296875,1926715,53.1343033861523,477.39640109885215,476.82034838844066,False,False
2025-06-18 17:00:00+02:00,MSFT,477.6199951171875,479.4949951171875,474.4599914550781,479.2922058105469,1578068,57.78411892502417,477.68806336218984,477.0034489382263,True,False
2025-06-18 18:00:00+02:00,MSFT,479.2699890136719,479.659912109375,478.739990234375,479.2950134277344,1140987,57.79194835163419,477.9352864491967,477.17319445596763,False,True
2025-06-18 19:00:00+02:00,MSFT,479.25,479.79998779296875,478.8599853515625,479.08990478515625,758485,56.960833228613886,478.1129200393444,477.3151729988705,False,False
2025-06-18 20:00:00+02:00,MSFT,479.010009765625,480.3399963378906,477.9800109863281,478.6600036621094,1087963,55.16995610192844,478.197086750539,477.4147900850363,False,False
2025-06-18 21:00:00+02:00,MSFT,478.6400146484375,480.6700134277344,477.8500061035156,479.0166015625,1687661,56.39464057604477,478.3231659523791,477.53344278707067,False,False
2025-06-18 22:00:00+02:00,MSFT,479.1499938964844,481.0,478.3599853515625,480.239990234375,3614524,60.39229361304138,478.61806199576307,477.7339277831673,False,False
2025-06-20 16:00:00+02:00,MSFT,482.1000061035156,483.44000244140625,480.2300109863281,480.731201171875,8719877,61.90254568974877,478.9431603305495,477.9559480341827,False,False
2025-06-20 17:00:00+02:00,MSFT,480.7650146484375,481.43798828125,478.8999938964844,479.0299987792969,1960611,54.19522528799184,478.9565200918953,478.03550734863563,False,False
2025-06-20 18:00:00+02:00,MSFT,479.0299987792969,481.010009765625,478.9800109863281,480.010009765625,3145518,57.479594304546666,479.1185954263152,478.1817667869311,False,False
2025-06-20 19:00:00+02:00,MSFT,479.9800109863281,480.6499938964844,479.3900146484375,479.9700012207031,1695638,57.29896240523153,479.2495809331441,478.31422859684017,False,False
2025-06-20 20:00:00+02:00,MSFT,479.94000244140625,481.3599853515625,478.1199951171875,478.8468933105469,1584284,52.327709141480106,479.18762899120605,478.35368524229995,False,False
2025-06-20 21:00:00+02:00,MSFT,478.8949890136719,479.1899108886719,477.31500244140625,477.5,1409405,47.05513660342655,478.9279937617897,478.29044929842587,False,False
2025-06-20 22:00:00+02:00,MSFT,477.489990234375,478.7699890136719,476.8699951171875,477.2275085449219,3426260,46.04432247521454,478.6663806515023,478.21171294631444,False,False
2025-06-23 16:00:00+02:00,MSFT,474.8599853515625,476.20001220703125,472.510009765625,475.94000244140625,3007286,41.507310263944404,478.24693784994906,478.04343809409903,False,False
2025-06-23 17:00:00+02:00,MSFT,475.95001220703125,478.04998779296875,475.2699890136719,478.0400085449219,2576063,50.13755946879735,478.2151025722526,478.0431840534192,False,False
2025-06-23 18:00:00+02:00,MSFT,478.0400085449219,481.2774963378906,477.8500061035156,480.5950012207031,2421332,58.2153455039189,478.5812408258604,478.2322075472921,False,False
2025-06-23 19:00:00+02:00,MSFT,480.3699951171875,482.44989013671875,478.70001220703125,482.268798828125,2605756,62.501171021671,479.1485574415934,478.5312143088353,False,False
2025-06-23 20:00:00+02:00,MSFT,482.2099914550781,487.58990478515625,481.85009765625,487.3399963378906,3586910,71.90393339478044,480.4087788102545,479.1837166813579,False,False
2025-06-23 21:00:00+02:00,MSFT,487.4200134277344,487.75,485.760009765625,485.7900085449219,2077553,66.42178562793117,481.2366603078956,479.6730716342145,False,False
2025-06-23 22:00:00+02:00,MSFT,485.7950134277344,487.09991455078125,485.1614990234375,485.9200134277344,3129263,66.65144867961457,481.95717617248613,480.13580806336415,False,False
2025-06-24 16:00:00+02:00,MSFT,488.6300048828125,489.6600036621094,486.7950134277344,487.8800048828125,2526838,69.98461268229926,482.8683805894594,480.70945227221216,False,False
2025-06-24 17:00:00+02:00,MSFT,487.8800048828125,490.4100036621094,487.239990234375,489.9649963378906,2848188,73.06835051271125,483.9601676276796,481.3950481289291,True,False
2025-06-24 18:00:00+02:00,MSFT,490.0286865234375,491.489990234375,489.6300048828125,490.79071044921875,2551487,74.19888067735667,485.01102036945485,482.09102311561725,False,True
2025-06-24 19:00:00+02:00,MSFT,490.82220458984375,491.4100036621094,490.0799865722656,490.2300109863281,1953582,71.98899193259966,485.81394200282,482.6939111060403,False,False
2025-06-24 20:00:00+02:00,MSFT,490.239990234375,491.8489990234375,489.94000244140625,491.54998779296875,1701299,73.95555975000127,486.6964105859198,483.3499167865535,False,False
2025-06-24 21:00:00+02:00,MSFT,491.5899963378906,491.67999267578125,490.3299865722656,490.55999755859375,2605817,69.98687947447604,487.2908085817158,483.88399684374167,False,False
2025-06-24 22:00:00+02:00,MSFT,490.5329895019531,491.19000244140625,489.510009765625,490.1199951171875,3617065,68.23426394963792,487.72606804871145,484.34592264177473,False,False
2025-06-25 16:00:00+02:00,MSFT,491.6099853515625,494.2699890136719,491.6099853515625,493.9383850097656,2787137,74.25863222591914,488.6818091196428,485.05647540977407,False,False
2025-06-25 17:00:00+02:00,MSFT,493.93499755859375,494.55560302734375,492.510009765625,492.7398986816406,2060783,69.78507850341362,489.30613059071936,485.62561787435675,True,False
2025-06-25 18:00:00+02:00,MSFT,492.82000732421875,493.05499267578125,491.55999755859375,491.70001220703125,1370879,66.0661142472463,489.674420070152,486.0755730101104,False,True
2025-06-25 19:00:00+02:00,MSFT,491.6700134277344,491.9100036621094,490.2099914550781,490.32501220703125,1183536,61.40624804120757,489.7745111681334,486.3903462839564,False,False
2025-06-25 20:00:00+02:00,MSFT,490.29998779296875,491.0,489.3900146484375,490.6700134277344,1114572,62.12804496244725,489.91228074653355,486.707358664977,False,False
2025-06-25 21:00:00+02:00,MSFT,490.69000244140625,491.2300109863281,490.0899963378906,490.989990234375,1389328,62.82252609729816,490.0780822062015,487.02459063308055,False,False
2025-06-25 22:00:00+02:00,MSFT,490.99249267578125,492.44000244140625,490.95001220703125,492.44000244140625,3558627,65.8762987458628,490.44145455007913,487.4257322485121,False,False
2025-06-26 16:00:00+02:00,MSFT,495.0899963378906,496.9599914550781,493.7650146484375,496.2427978515625,2589476,72.30200828890925,491.3339689041535,488.0788482191084,False,False
2025-06-26 17:00:00+02:00,MSFT,496.2449951171875,496.57000732421875,493.2699890136719,493.489990234375,2101018,63.046811252546554,491.6656644934184,488.4796735535726,True,False
2025-06-26 18:00:00+02:00,MSFT,493.4800109863281,494.6000061035156,492.9200134277344,494.3974914550781,1500143,64.65316744171486,492.08594556444297,488.9180304351656,False,True
2025-06-26 19:00:00+02:00,MSFT,494.4100036621094,495.69000244140625,493.7799987792969,495.67999267578125,1267896,66.84654775503584,492.6388758892642,489.41891652706306,False,False
2025-06-26 20:00:00+02:00,MSFT,495.68499755859375,496.739990234375,495.30999755859375,496.5,1352371,68.20506755593607,493.23289498322356,489.9434412287621,False,False
2025-06-26 21:00:00+02:00,MSFT,496.5,498.0299987792969,496.5,497.7699890136719,2368338,70.23906631214705,493.9309094494464,490.52318550912577,False,False
2025-06-26 22:00:00+02:00,MSFT,497.7699890136719,497.989990234375,496.5,497.30999755859375,5771620,68.52904339960352,494.450769158546,491.0259123276049,False,False
2025-06-27 16:00:00+02:00,MSFT,498.0199890136719,498.1700134277344,496.2099914550781,497.54998779296875,3460112,68.95372282317237,494.92757202538024,491.5091771768911,False,False
2025-06-27 17:00:00+02:00,MSFT,497.54998779296875,498.0799865722656,496.30999755859375,497.2799987792969,2245600,67.8445393775359,495.28948383367515,491.936645443736,True,False
2025-06-27 18:00:00+02:00,MSFT,497.2900085449219,499.2900085449219,496.9599914550781,499.0400085449219,2010330,71.10731515470667,495.8664876354054,492.4628204882683,False,True
2025-06-27 19:00:00+02:00,MSFT,499.0400085449219,499.239990234375,497.6099853515625,497.6405944824219,2134658,65.42299228804526,496.139427150331,492.84635930265,False,False
2025-06-27 20:00:00+02:00,MSFT,497.6607971191406,498.1700134277344,496.6499938964844,496.6700134277344,1926758,61.73679323295978,496.2210558083931,493.1295929415451,False,False
2025-06-27 21:00:00+02:00,MSFT,496.67999267578125,496.8800048828125,494.4642028808594,495.010009765625,2119088,55.93219503482734,496.0347410325826,493.2688830766622,False,False
2025-06-27 22:00:00+02:00,MSFT,495.010009765625,496.6300048828125,493.0299987792969,495.8800048828125,5804806,58.15287596905975,496.0109354710795,493.4622995067474,False,False
2025-06-30 16:00:00+02:00,MSFT,497.4100036621094,498.0,495.5899963378906,496.010009765625,2743851,58.489503941225806,496.01079305485575,493.65101878518277,False,False
2025-06-30 17:00:00+02:00,MSFT,495.9949951171875,497.00970458984375,495.3299865722656,496.69500732421875,2213041,60.30156175332186,496.1160567886039,493.876499417704,True,False
2025-06-30 18:00:00+02:00,MSFT,496.739990234375,499.30999755859375,496.6990051269531,498.8399963378906,3214160,65.39564069317498,496.5351244115711,494.24416585623635,False,True
2025-06-30 19:00:00+02:00,MSFT,498.82000732421875,499.17999267578125,497.67999267578125,497.739990234375,1544337,61.06791200686372,496.72048838431016,494.5031158101726,False,False
2025-06-30 20:00:00+02:00,MSFT,497.739990234375,498.1589050292969,496.9700012207031,497.9150085449219,1057321,61.50442295128829,496.904260716712,494.7558486053392,False,False
2025-06-30 21:00:00+02:00,MSFT,497.9599914550781,498.989990234375,497.2900085449219,498.6700134277344,1241643,63.41030986791524,497.1759149799462,495.04578674033144,False,False
2025-06-30 22:00:00+02:00,MSFT,498.67498779296875,500.760009765625,497.1600036621094,497.1600036621094,4400227,57.3000971222556,497.17346708489436,495.2023954012039,False,False
2025-07-01 16:00:00+02:00,MSFT,496.4700012207031,498.0400085449219,495.6400146484375,496.7012939453125,2298882,55.548979148801614,497.1008250634202,495.3134249229897,False,False
2025-07-01 17:00:00+02:00,MSFT,496.7799987792969,497.989990234375,494.04998779296875,494.385009765625,2656925,47.63296990703916,496.6830073252978,495.2446534298516,False,False
2025-07-01 18:00:00+02:00,MSFT,494.3699951171875,494.6300048828125,491.2632141113281,491.32720947265625,2529381,39.60843525765885,495.8590384248914,494.9544723959853,False,False
2025-07-01 19:00:00+02:00,MSFT,491.30499267578125,494.04998779296875,490.9800109863281,493.3999938964844,2095164,46.222148292773575,495.4807238820596,494.8393258404667,False,False
2025-07-01 20:00:00+02:00,MSFT,493.3599853515625,493.8599853515625,492.2300109863281,492.9599914550781,1345961,45.09322104193651,495.09291889329324,494.70011588599345,False,False
2025-07-01 21:00:00+02:00,MSFT,492.95001220703125,493.1700134277344,491.5101013183594,491.8299865722656,1261164,42.23991237387049,494.59092930544284,494.48751371460617,False,False
2025-07-01 22:00:00+02:00,MSFT,491.8399963378906,493.0150146484375,491.19000244140625,492.0199890136719,3227788,42.894218700749065,494.1954000297858,494.30473410712955,False,False
2025-07-02 16:00:00+02:00,MSFT,489.989990234375,493.5,488.70001220703125,491.2502136230469,2918261,40.87403743442048,493.742294428749,494.07847333053087,False,False
2025-07-02 17:00:00+02:00,MSFT,491.2401123046875,492.760009765625,490.30999755859375,492.2900085449219,1992735,44.66508454330593,493.5188658312371,493.9459944575228,False,False
2025-07-02 18:00:00+02:00,MSFT,492.2900085449219,492.6809997558594,491.239990234375,491.8599853515625,1865663,43.42500455001292,493.2636534497487,493.79147526448867,False,False
2025-07-02 19:00:00+02:00,MSFT,491.8900146484375,492.67999267578125,490.9549865722656,490.989990234375,1092263,40.948015868789824,492.91385910892194,493.5839578548506,False,False
2025-07-02 20:00:00+02:00,MSFT,490.989990234375,491.1881103515625,489.8500061035156,490.2099914550781,1421383,38.81056609631757,492.497879469869,493.3340344178304,False,False
2025-07-02 21:00:00+02:00,MSFT,490.19000244140625,490.6000061035156,489.7900085449219,490.42999267578125,1071130,39.76561018609562,492.1797430400094,493.1189202147157,False,False
2025-07-02 22:00:00+02:00,MSFT,490.44000244140625,492.0,489.7200012207031,490.9700012207031,2794865,42.15228589506503,491.9936289139623,492.959741029974,False,False
2025-07-03 16:00:00+02:00,MSFT,493.4949951171875,497.6400146484375,493.44000244140625,497.6000061035156,2532219,62.03964340071233,492.85614848158593,493.3034643687549,False,False
2025-07-03 17:00:00+02:00,MSFT,497.6300048828125,499.1995849609375,497.20001220703125,499.0450134277344,2885518,64.8740360530255,493.80828155022414,493.72876429904966,True,False
2025-07-03 18:00:00+02:00,MSFT,499.04949951171875,500.1199951171875,498.32470703125,499.5899963378906,2630844,65.90794069191308,494.69777613294207,494.16292963526007,False,True
2025-07-03 19:00:00+02:00,MSFT,499.5400085449219,499.8399963378906,498.25,498.69000244140625,2836698,62.62946262963087,495.3119647957827,494.49826836164124,False,False
2025-07-07 16:00:00+02:00,MSFT,497.3800048828125,498.3900146484375,496.42999267578125,497.3550109863281,1914484,58.01915855102507,495.62627959432814,494.70987892643285,False,False
2025-07-07 17:00:00+02:00,MSFT,497.3399963378906,498.125,495.9826965332031,497.5400085449219,1487898,58.475331215249426,495.920699432881,494.91951815743204,True,False
2025-07-07 18:00:00+02:00,MSFT,497.5450134277344,498.5899963378906,497.3949890136719,498.1431884765625,1000108,60.001448638069604,496.26262082421664,495.1583085514417,False,True
2025-07-07 19:00:00+02:00,MSFT,498.1700134277344,498.75,496.4512023925781,496.9700012207031,1230775,55.7126035123155,496.37144857752224,495.292508008424,False,False
2025-07-07 20:00:00+02:00,MSFT,496.9599914550781,497.625,495.80999755859375,496.4549865722656,1031255,53.8914951481922,496.38430057671354,495.3786175316715,False,False
2025-07-07 21:00:00+02:00,MSFT,496.510009765625,497.25,495.2250061035156,496.7699890136719,1317606,54.86332650004238,496.44363725932254,495.4816820858938,False,False
2025-07-07 22:00:00+02:00,MSFT,496.7699890136719,497.9700012207031,496.42498779296875,497.8299865722656,1997812,58.06626802150242,496.6569217690061,495.65563056636574,False,False
2025-07-08 16:00:00+02:00,MSFT,497.67999267578125,498.1700134277344,496.3599853515625,496.9595031738281,1511657,54.63740722894477,496.7034727543633,495.7522137224741,False,False
2025-07-08 17:00:00+02:00,MSFT,496.95001220703125,497.0628967285156,494.5400085449219,495.70001220703125,1384603,50.033698931674316,496.5490942086199,495.7483469435524,False,False
2025-07-08 18:00:00+02:00,MSFT,495.67999267578125,496.0,494.1099853515625,495.2699890136719,1189755,48.530172534556456,496.3523087940125,495.7129130228205,False,False
2025-07-08 19:00:00+02:00,MSFT,495.2099914550781,496.25,494.69000244140625,495.8299865722656,751158,50.61155888353598,496.2719515291284,495.72158513759416,False,False
2025-07-08 20:00:00+02:00,MSFT,495.6099853515625,496.6400146484375,495.17999267578125,496.2850036621094,731073,52.2994695448616,496.27395954958695,495.7633198431138,False,False
2025-07-08 21:00:00+02:00,MSFT,496.2749938964844,496.6300048828125,495.64630126953125,495.9599914550781,853711,50.95976749030555,496.2256567658164,495.7778881106667,False,False
2025-07-08 22:00:00+02:00,MSFT,495.94000244140625,496.8999938964844,495.6050109863281,496.6600036621094,1952723,53.71011556388921,496.29247936524604,495.8432300033662,False,False
2025-07-09 16:00:00+02:00,MSFT,500.1099853515625,506.7799987792969,500.0799865722656,506.0747985839844,4561809,74.45816222264924,497.79745155274423,496.6011239723009,False,False
2025-07-09 17:00:00+02:00,MSFT,506.0299987792969,506.0350036621094,501.5625,501.79998779296875,3134852,61.07281166075892,498.4132263589326,496.9862249960541,True,False
2025-07-09 18:00:00+02:00,MSFT,501.7950134277344,501.9200134277344,499.94000244140625,500.5299987792969,1782648,57.75121921078608,498.73888365437324,497.2487267577758,False,True
2025-07-09 19:00:00+02:00,MSFT,500.55999755859375,501.2799987792969,499.739990234375,500.3410949707031,1397635,57.252429160495126,498.9853777030394,497.4777910698445,False,False
2025-07-09 20:00:00+02:00,MSFT,500.3699035644531,501.9512023925781,500.343505859375,501.6400146484375,1143036,59.822058998715754,499.3937833869468,497.78610392751807,False,False
2025-07-09 21:00:00+02:00,MSFT,501.625,503.1000061035156,501.625,502.67999267578125,1297982,61.80188753584385,499.8993540467675,498.1486142051672,False,False
2025-07-09 22:00:00+02:00,MSFT,502.66650390625,503.5299987792969,502.1600036621094,503.4800109863281,2464429,63.30007290486071,500.4502243451615,498.5435324852532,False,False
2025-07-10 16:00:00+02:00,MSFT,503.04998779296875,504.44000244140625,499.55010986328125,499.69000244140625,3176207,52.74563480028478,500.33326712919916,498.62845618570896,False,False
2025-07-10 17:00:00+02:00,MSFT,499.67498779296875,500.0599060058594,497.75,499.3399963378906,2160788,51.88524570608395,500.1804562382286,498.6811628636483,False,False
2025-07-10 18:00:00+02:00,MSFT,499.30999755859375,500.6400146484375,499.07000732421875,500.0299987792969,1715849,53.49574578485719,500.1573089368545,498.7810766351778,False,False
2025-07-10 19:00:00+02:00,MSFT,500.05999755859375,500.5849914550781,499.07000732421875,500.25,1052782,54.02415615686005,500.17156910041535,498.88988577331276,False,False
2025-07-10 20:00:00+02:00,MSFT,500.2550048828125,501.8099060058594,500.0286865234375,501.5,1059521,57.012885256522495,500.3759430849668,499.0832275678822,False,False
2025-07-10 21:00:00+02:00,MSFT,501.5050048828125,502.0299987792969,501.1199951171875,501.6199951171875,997996,57.29984733898238,500.56733570530844,499.2711362752382,False,False
2025-07-10 22:00:00+02:00,MSFT,501.55999755859375,502.18499755859375,500.3999938964844,501.5199890136719,2155608,56.9585813577175,500.71389775274895,499.4377179595666,False,False
2025-07-11 16:00:00+02:00,MSFT,498.4700012207031,501.30499267578125,497.82501220703125,501.2099914550781,2028437,55.84821754233941,500.79021986079954,499.56899747775265,False,False
2025-07-11 17:00:00+02:00,MSFT,501.1536865234375,502.55999755859375,500.7821960449219,502.3999938964844,2566714,59.141035732999576,501.03787740475104,499.77870091617723,True,False
2025-07-11 18:00:00+02:00,MSFT,502.4100036621094,504.32989501953125,501.6499938964844,504.1400146484375,1889915,63.435158575208064,501.5151292883951,500.10176119264094,False,True
2025-07-11 19:00:00+02:00,MSFT,504.1099853515625,505.0299987792969,503.9549865722656,504.6199951171875,1254720,64.54217242787868,501.99280095436313,500.4364451870518,False,False
2025-07-11 20:00:00+02:00,MSFT,504.625,504.92999267578125,503.2900085449219,504.1300048828125,1002583,62.463137903689,502.3216015587399,500.7100422015526,False,False
2025-07-11 21:00:00+02:00,MSFT,504.125,504.6199951171875,502.9100036621094,503.0700988769531,1079391,58.103176826112815,502.4367549923112,500.88486121454525,False,False
2025-07-11 22:00:00+02:00,MSFT,503.0950012207031,504.0799865722656,502.55999755859375,503.1700134277344,2593428,58.39797133782183,502.5495639823763,501.0541317488556,False,False
2025-07-14 16:00:00+02:00,MSFT,501.5150146484375,502.8900146484375,501.0299987792969,502.1600036621094,1743826,54.24304012352643,502.4896316254122,501.1360481868744,False,False
2025-07-14 17:00:00+02:00,MSFT,502.1499938964844,503.25,501.1000061035156,503.0799865722656,1522879,57.228167102146024,502.5804554633896,501.28004362282934,True,False
2025-07-14 18:00:00+02:00,MSFT,503.114990234375,503.9700012207031,502.3572082519531,502.69000244140625,1128799,55.573075858445115,502.59730884462294,501.384485016798,False,True
2025-07-14 19:00:00+02:00,MSFT,502.7200012207031,503.3800048828125,502.2099914550781,502.260009765625,748341,53.72801084840738,502.54541667862327,501.4493387018963,False,False
2025-07-14 20:00:00+02:00,MSFT,502.260009765625,503.07000732421875,502.1600036621094,502.3399963378906,981334,54.03373319396229,502.5138135492798,501.51531334159955,False,False
2025-07-14 21:00:00+02:00,MSFT,502.3299865722656,503.3299865722656,502.239990234375,503.0799865722656,1012976,56.87266660109664,502.6009170912776,501.63121506238963,False,False
2025-07-14 22:00:00+02:00,MSFT,503.0450134277344,503.45001220703125,502.5799865722656,502.94000244140625,2044899,56.165980070890804,502.6530840682205,501.7281622756501,False,False
2025-07-15 16:00:00+02:00,MSFT,503.010009765625,505.6499938964844,502.7900085449219,504.7850036621094,2170161,62.737910568067285,502.98107169804956,501.9545949709434,False,False
2025-07-15 17:00:00+02:00,MSFT,504.8800048828125,506.2900085449219,504.3700866699219,504.9700012207031,1605391,63.33155739190191,503.2870608553809,502.1779583968515,True,False
2025-07-15 18:00:00+02:00,MSFT,504.9700012207031,507.3900146484375,504.8312072753906,506.8550109863281,1513810,68.78805606186147,503.83597626014205,502.52440673681275,False,True
2025-07-15 19:00:00+02:00,MSFT,506.8550109863281,507.7398986816406,506.2200012207031,506.92999267578125,1504726,68.98575715576858,504.311978785625,502.85074643599563,False,False
2025-07-15 20:00:00+02:00,MSFT,506.92041015625,508.19000244140625,506.4100036621094,507.8299865722656,1510545,71.33290759586637,504.85321075280046,503.2195790386823,False,False
2025-07-15 21:00:00+02:00,MSFT,507.8450012207031,508.29998779296875,506.7200012207031,506.8800048828125,1036909,65.68238026525535,505.16502523434076,503.49072169380304,False,False
2025-07-15 22:00:00+02:00,MSFT,506.8699951171875,507.03948974609375,505.6300048828125,505.6300048828125,2287960,59.05371979827675,505.2365605648749,503.64918711521113,False,False
2025-07-16 16:00:00+02:00,MSFT,505.0,505.5,502.4309997558594,502.6400146484375,2027604,46.86918988296524,504.83709196234605,503.57443359915385,False,False
2025-07-16 17:00:00+02:00,MSFT,502.7300109863281,505.0199890136719,502.48968505859375,504.783203125,1817431,54.16877626016451,504.82880137198515,503.66397208254983,False,False
2025-07-16 18:00:00+02:00,MSFT,504.739990234375,505.3599853515625,501.8900146484375,504.4375,2183183,52.90611939308806,504.7686011609105,503.7212704468054,False,False
2025-07-16 19:00:00+02:00,MSFT,504.42999267578125,505.239990234375,503.260009765625,505.1549987792969,921757,55.23821454646841,504.82804694835454,503.82747254550844,False,False
2025-07-16 20:00:00+02:00,MSFT,505.1099853515625,505.8399963378906,505.0,505.1650085449219,897455,55.2714922710201,504.87988719398027,503.9265492862057,False,False
2025-07-16 21:00:00+02:00,MSFT,505.2099914550781,506.32000732421875,504.92999267578125,506.05999755859375,789249,58.25950404977015,505.06144263469,504.0845824915678,False,False
2025-07-16 22:00:00+02:00,MSFT,506.05999755859375,506.7200012207031,505.510009765625,505.5299987792969,2527252,55.878897767126496,505.13352819539875,504.19165036473294,False,False
2025-07-17 16:00:00+02:00,MSFT,505.67999267578125,510.79998779296875,505.6199951171875,510.7550048828125,2398077,69.22845175951721,505.9983707626932,504.6778247734796,False,False
2025-07-17 17:00:00+02:00,MSFT,510.7952880859375,511.8500061035156,508.9429931640625,511.79998779296875,2216117,71.11105643320542,506.89092722888944,505.20539240455287,True,False
2025-07-17 18:00:00+02:00,MSFT,511.7850036621094,513.3699951171875,511.7099914550781,513.3469848632812,2045076,73.67841651189528,507.88416686494975,505.8084733274216,False,True
2025-07-17 19:00:00+02:00,MSFT,513.3499755859375,513.3699951171875,512.3499755859375,512.6759033203125,1212613,70.74144628191533,508.6213570888517,506.31717184541355,False,False
2025-07-17 20:00:00+02:00,MSFT,512.6500244140625,513.0,512.2999877929688,512.6492919921875,1150216,70.62122801439901,509.24103938167264,506.7862177822116,False,False
2025-07-17 21:00:00+02:00,MSFT,512.614990234375,512.614990234375,511.44000244140625,511.989990234375,1291417,67.55802458411962,509.663954897473,507.1716824082978,False,False
2025-07-17 22:00:00+02:00,MSFT,512.010009765625,512.6021728515625,511.2799987792969,511.8500061035156,3843419,66.89457076133581,510.0002704676334,507.51822490423984,False,False
2025-07-18 16:00:00+02:00,MSFT,514.47998046875,514.6400146484375,510.739990234375,511.9800109863281,4108174,67.21656915288273,510.304845932048,507.84872757698713,False,False
2025-07-18 17:00:00+02:00,MSFT,511.9100036621094,511.9549865722656,509.6000061035156,509.70001220703125,3245003,56.785038524610776,510.2117945897378,507.9858597718052,True,False
2025-07-18 18:00:00+02:00,MSFT,509.6400146484375,510.7749938964844,509.1099853515625,509.2676086425781,1364153,55.04045002082686,510.06653521325165,508.08080413260325,False,True
2025-07-18 19:00:00+02:00,MSFT,509.2749938964844,509.8900146484375,508.3299865722656,509.8599853515625,2191107,56.98994650774191,510.0347583114533,508.2125953340077,False,False
2025-07-18 20:00:00+02:00,MSFT,509.8599853515625,511.17999267578125,509.8599853515625,511.13470458984375,2342963,60.91718755992751,510.20398081582107,508.429047871477,False,False
2025-07-18 21:00:00+02:00,MSFT,511.125,511.7799987792969,510.80999755859375,511.510009765625,845598,62.01685949878707,510.40490834656015,508.6572672710435,False,False
2025-07-18 22:00:00+02:00,MSFT,511.6199951171875,511.9599914550781,509.1700134277344,509.9599914550781,3162215,55.11898195341846,510.33645959402446,508.7537653587498,False,False
2025-07-21 16:00:00+02:00,MSFT,506.7049865722656,512.0700073242188,505.5899963378906,511.26348876953125,2656725,59.22617538102746,510.4790794671793,508.93967079658546,False,False
2025-07-21 17:00:00+02:00,MSFT,511.260009765625,512.0599975585938,510.55999755859375,510.6000061035156,1529697,56.39710723436013,510.4976835650772,509.06265859709885,True,False
2025-07-21 18:00:00+02:00,MSFT,510.6300048828125,510.80999755859375,509.989990234375,510.2449951171875,1389346,54.88636257996673,510.45880841924804,509.15023908006833,False,True
2025-07-21 19:00:00+02:00,MSFT,510.2200012207031,511.3699035644531,509.79998779296875,510.8599853515625,1890410,57.03357291388276,510.5205279472964,509.27688695203085,False,False
2025-07-21 20:00:00+02:00,MSFT,510.8599853515625,511.0484924316406,510.17999267578125,510.3500061035156,754460,54.70822296628188,510.49429381748394,509.35637725954825,False,False
2025-07-21 21:00:00+02:00,MSFT,510.32000732421875,510.5877990722656,509.9700012207031,510.4200134277344,758340,54.97958115384437,510.4828660652148,509.4351651238583,False,False
2025-07-21 22:00:00+02:00,MSFT,510.45001220703125,510.79998779296875,509.5,510.20001220703125,2241450,53.88695027489693,510.4393500870327,509.4918204633526,False,False
2025-07-22 16:00:00+02:00,MSFT,510.2149963378906,511.20001220703125,507.42999267578125,507.739990234375,1969368,43.48122427956537,510.0240639558546,509.36205526120614,False,False
2025-07-22 17:00:00+02:00,MSFT,507.70001220703125,509.5892028808594,507.5693054199219,508.8799133300781,1885450,48.44884500624091,509.84804078265825,509.32634104408555,False,False
2025-07-22 18:00:00+02:00,MSFT,508.82000732421875,509.29998779296875,506.9700012207031,507.4800109863281,1437815,43.403537066513444,509.48372850629977,509.18957585462203,False,False
2025-07-22 19:00:00+02:00,MSFT,507.55999755859375,507.7250061035156,506.3500061035156,507.0,816467,41.796299042787844,509.1016164284075,509.02738505057596,False,False
2025-07-22 20:00:00+02:00,MSFT,507.0,507.7200012207031,506.2349853515625,506.56500244140625,1028907,40.338508147484795,508.71136812271504,508.84498633878565,False,False
2025-07-22 21:00:00+02:00,MSFT,506.5400085449219,506.90960693359375,505.4599914550781,505.8999938964844,986303,38.147955179256016,508.27884901098724,508.626838750467,False,False
2025-07-22 22:00:00+02:00,MSFT,505.875,506.3299865722656,505.2699890136719,505.3900146484375,2569692,36.51052797438052,507.8344129552103,508.38707400216856,False,False
2025-07-23 16:00:00+02:00,MSFT,506.5,506.7500915527344,501.7037048339844,501.7037048339844,2618758,27.366555850577015,506.89122709040635,507.8920096193401,False,False
2025-07-23 17:00:00+02:00,MSFT,501.7099914550781,503.010009765625,500.70001220703125,501.9700012207031,2521392,28.754689206017062,506.13411541814435,507.45334233055223,False,False
2025-07-23 18:00:00+02:00,MSFT,501.9599914550781,505.5,501.40289306640625,504.5400085449219,1894925,40.56112712843053,505.88886820687935,507.23753982791294,False,False
2025-07-23 19:00:00+02:00,MSFT,504.4549865722656,504.5799865722656,502.79998779296875,503.7900085449219,1037570,38.55325856850117,505.56596672042434,506.982167140284,False,False
2025-07-23 20:00:00+02:00,MSFT,503.7835998535156,505.29998779296875,503.69000244140625,504.8599853515625,899172,42.89623796613185,505.4573542021379,506.8249684892676,False,False
2025-07-23 21:00:00+02:00,MSFT,504.8399963378906,505.75,504.6200866699219,504.92999267578125,1247137,43.17921418942132,505.3762216596215,506.6845999104908,False,False
2025-07-23 22:00:00+02:00,MSFT,504.94000244140625,506.07000732421875,504.3999938964844,505.9700012207031,2510322,47.35306062242879,505.46757236132635,506.63166667421024,False,False
2025-07-24 16:00:00+02:00,MSFT,509.43109130859375,510.0,507.29998779296875,508.489990234375,2533564,55.8212257145136,505.9325597264108,506.7693202712595,False,False
2025-07-24 17:00:00+02:00,MSFT,508.4103088378906,510.57000732421875,507.67498779296875,510.239990234375,1556904,60.564981483528115,506.59524134302063,507.026406935194,False,False
2025-07-24 18:00:00+02:00,MSFT,510.239990234375,512.4000244140625,509.8330078125,511.1400146484375,1681519,62.77859763825556,507.2944372361617,507.3311186176565,False,False
2025-07-24 19:00:00+02:00,MSFT,511.1700134277344,512.6900024414062,511.1400146484375,511.9949951171875,1097929,64.79998568610344,508.0175999870887,507.67659095095513,False,False
2025-07-24 20:00:00+02:00,MSFT,512.0150146484375,513.219970703125,511.8900146484375,512.2100219726562,918388,65.31023162326554,508.6625879848683,508.0124006562663,False,False
2025-07-24 21:00:00+02:00,MSFT,512.1699829101562,512.9199829101562,511.5849914550781,511.760009765625,1396688,63.24403079728501,509.13911441267703,508.29000133103364,False,False
2025-07-24 22:00:00+02:00,MSFT,511.7099914550781,513.0999755859375,510.6499938964844,510.8500061035156,3158376,59.16761128318712,509.4023285189599,508.47963131418044,False,False
2025-07-25 16:00:00+02:00,MSFT,511.1199951171875,512.7999877929688,510.35919189453125,512.0217895507812,2027841,62.51782857008763,509.80532252385547,508.74201340578054,False,False
2025-07-25 17:00:00+02:00,MSFT,512.0625,513.1599731445312,511.45001220703125,512.8900146484375,1529564,64.82097548063217,510.2798905430219,509.0492727570885,True,False
2025-07-25 18:00:00+02:00,MSFT,512.8599853515625,514.1500244140625,512.719970703125,513.6599731445312,2706275,66.77097354024176,510.79990325094644,509.3908061191213,False,True
2025-07-25 19:00:00+02:00,MSFT,513.6599731445312,514.5900268554688,513.0599975585938,513.719970703125,1974267,66.92482565668288,511.24914439743543,509.71148497719565,False,False
2025-07-25 20:00:00+02:00,MSFT,513.7550048828125,517.3499755859375,513.6699829101562,517.18017578125,1954424,74.31187773771168,512.1616107641761,510.2647213330515,False,False
2025-07-25 21:00:00+02:00,MSFT,517.1784057617188,518.2899780273438,516.5900268554688,516.9600219726562,2233493,73.19181948691363,512.8998278731731,510.7606695285778,False,False
2025-07-25 22:00:00+02:00,MSFT,516.969970703125,517.25,513.125,513.77001953125,3704184,59.25517672936963,513.0337035128772,510.98358434359056,False,False
2025-07-28 16:00:00+02:00,MSFT,514.0800170898438,515.0,512.3599853515625,514.27001953125,2661424,60.52397537891,513.2239059772422,511.2270239871209,False,False
2025-07-28 17:00:00+02:00,MSFT,514.27001953125,514.3400268554688,512.2100219726562,512.3300170898438,1934565,53.555449835303975,513.0863846099502,511.3087271799152,False,False
2025-07-28 18:00:00+02:00,MSFT,512.2999877929688,512.8300170898438,511.55499267578125,512.3099975585938,1165700,53.48701171127591,512.966940448203,511.3828953561136,False,False
2025-07-28 19:00:00+02:00,MSFT,512.2999877929688,512.4893188476562,511.7200012207031,512.1900024414062,895456,53.049419669154084,512.8474115240804,511.44268106613526,False,False
2025-07-28 20:00:00+02:00,MSFT,512.2100219726562,512.4099731445312,511.1099853515625,511.385009765625,918901,50.08885068179934,512.6224266381641,511.43840911794933,False,False
2025-07-28 21:00:00+02:00,MSFT,511.375,511.3999938964844,510.135009765625,510.6199951171875,1316192,47.382553323154525,512.3143602503216,511.3777858586336,False,False
2025-07-28 22:00:00+02:00,MSFT,510.6050109863281,512.52001953125,510.4100036621094,512.52001953125,2541999,54.02636621093073,512.3460001396952,511.4623957603089,False,False
2025-07-29 16:00:00+02:00,MSFT,515.6900024414062,517.6199951171875,514.719970703125,514.81640625,2870651,60.515475182987856,512.7260626182036,511.71084098176743,False,False
2025-07-29 17:00:00+02:00,MSFT,514.8200073242188,515.260009765625,512.7025756835938,513.114990234375,2016289,54.38992795871808,512.7858976360761,511.8148520375162,False,False
2025-07-29 18:00:00+02:00,MSFT,513.0928955078125,514.72998046875,512.8800048828125,513.9000244140625,1527169,56.57411513943153,512.9573017557664,511.9693092505937,False,False
2025-07-29 19:00:00+02:00,MSFT,513.9124755859375,513.9400024414062,512.1500244140625,513.4949951171875,1291607,55.10780853088046,513.0400238113696,512.0823230184895,False,False
2025-07-29 20:00:00+02:00,MSFT,513.4949951171875,513.5999755859375,511.69000244140625,512.280029296875,960476,50.85023378096124,512.9231015783704,512.0969679279996,False,False
2025-07-29 21:00:00+02:00,MSFT,512.3150024414062,512.52001953125,511.55999755859375,512.3400268554688,1142343,51.05134860028855,512.8333977748471,512.1149722929973,False,False
2025-07-29 22:00:00+02:00,MSFT,512.344970703125,512.9500122070312,511.7099914550781,512.9500122070312,2934653,53.15028870758237,512.8513384567216,512.1768271014442,False,False
2025-07-30 16:00:00+02:00,MSFT,513.885009765625,513.885009765625,510.67138671875,512.0599975585938,2813031,49.79516220962854,512.7295937031635,512.1681730612331,False,False
2025-07-30 17:00:00+02:00,MSFT,512.0599975585938,514.3198852539062,511.9320983886719,513.1400146484375,2017511,53.6211322870773,512.7927353870517,512.2401613269519,False,False
2025-07-30 18:00:00+02:00,MSFT,513.1900024414062,513.3699951171875,512.4324951171875,513.239990234375,2007387,53.970817506909086,512.8615438251014,512.3142227275017,False,False
2025-07-30 19:00:00+02:00,MSFT,513.2050170898438,513.5700073242188,512.6099853515625,513.0,1448275,52.93896674222532,512.8828447750858,512.365021043983,False,False
2025-07-30 20:00:00+02:00,MSFT,512.9849853515625,513.2999877929688,512.1699829101562,512.6599731445312,1490167,51.438418930917045,512.8485568319236,512.3868693477274,False,False
2025-07-30 21:00:00+02:00,MSFT,512.6799926757812,513.4299926757812,509.44000244140625,510.05999755859375,2509254,41.70431273470265,512.4195477129498,512.2145084744582,False,False
2025-07-30 22:00:00+02:00,MSFT,510.05999755859375,514.1799926757812,509.69000244140625,514.1799926757812,4415584,55.93471475293117,512.6903853995393,512.3600998967784,False,False
2025-07-31 16:00:00+02:00,MSFT,546.7050170898438,555.4500122070312,535.6699829101562,537.4650268554688,16740290,82.27283781500549,516.5018687004515,514.2197241159406,False,False
2025-07-31 17:00:00+02:00,MSFT,537.4650268554688,540.1300048828125,534.4099731445312,535.9400024414062,8199697,78.94474034231925,519.4923508144445,515.8286336215307,True,False
2025-07-31 18:00:00+02:00,MSFT,535.8734130859375,537.697998046875,535.219970703125,536.260009765625,3942772,79.13546901734986,522.0719906530877,517.3420688914636,False,True
2025-07-31 19:00:00+02:00,MSFT,536.219970703125,537.14990234375,535.1400146484375,535.7750244140625,2975238,77.98253062557332,524.1801496932377,518.7074730042486,False,False
2025-07-31 20:00:00+02:00,MSFT,535.77001953125,535.9500122070312,532.8400268554688,532.8499755859375,2633988,71.24106242888621,525.5139690613454,519.7550657880774,False,False
2025-07-31 21:00:00+02:00,MSFT,532.8699951171875,534.8900146484375,532.5401000976562,533.5700073242188,2766954,71.88536928441658,526.753359563326,520.7783947907546,False,False
2025-07-31 22:00:00+02:00,MSFT,533.5349731445312,535.2000122070312,531.9000244140625,533.5650024414062,6343440,71.87331574614038,527.8013046214921,521.7255509130251,False,False
2025-08-01 16:00:00+02:00,MSFT,535.3150024414062,535.7999877929688,527.8499755859375,529.4349975585938,5620797,62.552385549987875,528.0526419964308,522.2966210349191,False,False
2025-08-01 17:00:00+02:00,MSFT,529.4650268554688,529.625,524.4400024414062,524.659912109375,4210778,53.855962945548306,527.5306835522683,522.471679633027,False,False
2025-08-01 18:00:00+02:00,MSFT,524.5374755859375,525.0250244140625,522.6400146484375,524.5499877929688,3246365,53.67097919210248,527.0721149739146,522.6256283856152,False,False
2025-08-01 19:00:00+02:00,MSFT,524.52001953125,524.8499755859375,520.8599853515625,521.5800170898438,3006813,48.79442482879857,526.2271768379037,522.5481756970395,False,False
2025-08-01 20:00:00+02:00,MSFT,521.5100708007812,524.02001953125,521.3699951171875,523.5999145507812,2333139,51.98943475466798,525.8229826398849,522.6260822787981,False,False
2025-08-01 21:00:00+02:00,MSFT,523.5700073242188,524.9749755859375,522.4000244140625,524.4000244140625,2047974,53.234202404389876,525.6040659897584,522.7574853999288,False,False
2025-08-01 22:00:00+02:00,MSFT,524.4000244140625,525.8900146484375,523.219970703125,524.0,3867368,52.501305090300995,525.3572866067186,522.8495235184525,False,False
2025-08-04 16:00:00+02:00,MSFT,528.1900024414062,536.4600219726562,528.135009765625,535.6900024414062,4701082,66.8600623363316,526.9469351966706,523.800670105338,False,False
2025-08-04 17:00:00+02:00,MSFT,535.719970703125,536.8900146484375,533.8721923828125,534.1799926757812,2997337,64.16193485288568,528.0597132703799,524.5695088142597,True,False
2025-08-04 18:00:00+02:00,MSFT,534.1199951171875,535.8200073242188,533.1900024414062,535.6599731445312,2179038,65.62608494585032,529.2289840202494,525.3910246905762,False,True
2025-08-04 19:00:00+02:00,MSFT,535.6599731445312,537.3900146484375,535.4099731445312,537.0250244140625,1863406,66.96660085440305,530.4283748500668,526.2528024478714,False,False
2025-08-04 20:00:00+02:00,MSFT,537.030029296875,538.25,536.9199829101562,537.510009765625,1830426,67.45225623298506,531.5178571447681,527.0866696565939,False,False
2025-08-04 21:00:00+02:00,MSFT,537.5399780273438,538.02001953125,535.5250244140625,535.9000244140625,2417117,64.08401905425309,532.1920367246595,527.7395107497397,False,False
2025-08-04 22:00:00+02:00,MSFT,535.885009765625,536.7550048828125,534.0800170898438,535.469970703125,4673775,63.17651760825745,532.696334259808,528.3121374129535,False,False
2025-08-05 16:00:00+02:00,MSFT,537.219970703125,537.219970703125,534.0,534.6699829101562,3311231,61.43370912246423,532.9999725137078,528.7830889312648,False,False
2025-08-05 17:00:00+02:00,MSFT,534.7000122070312,534.97998046875,531.469970703125,532.2349853515625,2800568,56.33917668148553,532.8822821810701,529.038784962398,True,False
2025-08-05 18:00:00+02:00,MSFT,532.2150268554688,532.9600219726562,530.7000122070312,532.0700073242188,1631748,56.00033216822771,532.7573168184775,529.2633199521625,False,True
2025-08-05 19:00:00+02:00,MSFT,532.030029296875,533.1900024414062,531.5499877929688,532.02001953125,1295718,55.89064605916402,532.6438864665964,529.4675199209838,False,False
2025-08-05 20:00:00+02:00,MSFT,532.094970703125,532.5549926757812,531.0501098632812,532.2100219726562,1160411,56.241481565274476,532.5771380829133,529.6706682211077,False,False
2025-08-05 21:00:00+02:00,MSFT,532.22998046875,532.239990234375,528.3900146484375,528.8408203125,2061655,48.8254494717552,532.0023199643881,529.6091980056552,False,False
2025-08-05 22:00:00+02:00,MSFT,528.81982421875,529.4299926757812,527.239990234375,527.719970703125,3040189,46.62293156640006,531.3434970011169,529.4692552425049,False,False
2025-08-06 16:00:00+02:00,MSFT,530.8200073242188,531.7000122070312,526.219970703125,526.9998779296875,3247157,45.211852683216506,530.6752479132047,529.2863384045185,False,False
2025-08-06 17:00:00+02:00,MSFT,527.0,527.739990234375,524.594970703125,525.780029296875,3145353,42.846121447569026,529.9221373568462,529.0266118039523,False,False
2025-08-06 18:00:00+02:00,MSFT,525.7650146484375,526.8099975585938,525.27001953125,526.4299926757812,2037352,44.51213579134658,529.38488432899,528.83426964631,False,False
2025-08-06 19:00:00+02:00,MSFT,526.4199829101562,527.2000122070312,525.510009765625,525.6005249023438,1404557,42.79759543951718,528.802675186429,528.5947329986088,False,False
2025-08-06 20:00:00+02:00,MSFT,525.6300048828125,526.3400268554688,525.25,525.8800048828125,1232819,43.58607683490288,528.3530336012573,528.3936420270684,False,False
2025-08-06 21:00:00+02:00,MSFT,525.85009765625,526.739990234375,525.3200073242188,525.780029296875,2027218,43.35585165335608,527.9571867851985,528.2000410840911,False,False
2025-08-06 22:00:00+02:00,MSFT,525.7650146484375,526.135009765625,524.030029296875,524.8400268554688,3731721,41.15472777994324,527.4776237190862,527.9511511412302,False,False
2025-08-07 16:00:00+02:00,MSFT,526.5700073242188,528.030029296875,523.52001953125,525.989990234375,2777909,44.843908720574085,527.2487570291306,527.8058799629446,False,False
2025-08-07 17:00:00+02:00,MSFT,526.010009765625,526.4229125976562,523.4500122070312,525.0543823242188,1877884,42.508878094267594,526.9111609206826,527.6020653230389,False,False
2025-08-07 18:00:00+02:00,MSFT,525.1099853515625,525.3099975585938,521.1500244140625,522.0599975585938,1480289,36.04071549972594,526.1648280957459,527.1915417849319,False,False
2025-08-07 19:00:00+02:00,MSFT,522.0261840820312,522.9000244140625,520.5700073242188,521.5704956054688,1192937,35.100460592763284,525.4580077126263,526.7751679938606,False,False
2025-08-07 20:00:00+02:00,MSFT,521.6799926757812,524.9400024414062,520.2000732421875,520.4349975585938,1089697,32.952820778341135,524.6852369196982,526.3055257393963,False,False
2025-08-07 21:00:00+02:00,MSFT,520.360107421875,520.5399780273438,517.5510864257812,518.97998046875,1856331,30.38712788630933,523.8075051580139,525.7628927563856,False,False
2025-08-07 22:00:00+02:00,MSFT,518.9949951171875,521.0999755859375,518.719970703125,521.0999755859375,2525000,37.96582476060797,523.3909621469252,525.4174914845005,False,False
2025-08-08 16:00:00+02:00,MSFT,523.9600219726562,524.4815063476562,522.1199951171875,522.3400268554688,2307169,41.947067101439764,523.2292797943934,525.1895311416092,False,False
2025-08-08 17:00:00+02:00,MSFT,522.2100219726562,523.489990234375,520.6900024414062,520.9949951171875,1912291,39.02175646517532,522.8855436902079,524.8788247694298,False,False
2025-08-08 18:00:00+02:00,MSFT,521.0399780273438,521.8200073242188,519.4099731445312,521.5,1850951,40.69406450842122,522.6723831224837,524.6285414531758,False,False
2025-08-08 19:00:00+02:00,MSFT,521.489990234375,521.8900146484375,520.9400024414062,521.5599975585938,951343,40.901432159998,522.5012468818852,524.401241905429,False,False
2025-08-08 20:00:00+02:00,MSFT,521.5549926757812,523.1900024414062,521.1699829101562,522.9299926757812,1464731,45.58058113326366,522.5672077732538,524.2922604810107,False,False
2025-08-08 21:00:00+02:00,MSFT,522.9299926757812,523.25,522.3214111328125,522.530029296875,1104521,44.473505800168184,522.5614880076571,524.1617248377413,False,False
2025-08-08 22:00:00+02:00,MSFT,522.5390014648438,522.6649780273438,520.1300048828125,522.1199951171875,3182036,43.312081556039296,522.4935660245079,524.0104855991817,False,False
2025-08-11 16:00:00+02:00,MSFT,522.4600219726562,524.4699096679688,519.719970703125,524.0900268554688,3225861,50.06008323480803,522.7391753831173,524.0163775440918,False,False
2025-08-11 17:00:00+02:00,MSFT,524.0349731445312,525.9000244140625,522.7899780273438,525.3250122070312,1963673,53.77488734052052,523.1369964329502,524.1133134450504,False,False
2025-08-11 18:00:00+02:00,MSFT,525.3049926757812,526.6900024414062,524.0499877929688,526.3300170898438,1770006,56.603869190294624,523.6282303801646,524.2775137150351,False,False
2025-08-11 19:00:00+02:00,MSFT,526.3214721679688,527.5499877929688,525.3800048828125,525.760009765625,1247856,54.56421273599613,523.9561964394662,524.387328237301,False,False
2025-08-11 20:00:00+02:00,MSFT,525.77001953125,526.6500244140625,523.4199829101562,523.75048828125,1156961,47.99778721859689,523.9245490305099,524.3401549072231,False,False
2025-08-11 21:00:00+02:00,MSFT,523.8099975585938,524.0,521.6300048828125,521.8699951171875,1636577,42.80629126507906,523.6084638130757,524.1571801079612,False,False
2025-08-11 22:00:00+02:00,MSFT,521.8800048828125,522.0999755859375,520.22998046875,521.75,3581238,42.49047146647639,523.3225463033717,523.9788704703344,False,False
2025-08-12 16:00:00+02:00,MSFT,523.8800048828125,527.5900268554688,523.5900268554688,524.3400268554688,2965279,50.909377557319715,523.4790817729252,524.0056227951592,False,False
2025-08-12 17:00:00+02:00,MSFT,524.3099975585938,526.869873046875,522.7100219726562,525.3699951171875,2275868,53.80545901085863,523.7699915181963,524.1066874116058,False,False
2025-08-12 18:00:00+02:00,MSFT,525.3699951171875,527.27001953125,525.3599853515625,526.52001953125,1486311,56.86535301814888,524.1930727509738,524.2854527538017,False,False
2025-08-12 19:00:00+02:00,MSFT,526.5050048828125,528.77197265625,526.3300170898438,528.6950073242188,1488307,61.99295471230975,524.8856780699346,524.6120864256844,False,False
2025-08-12 20:00:00+02:00,MSFT,528.6599731445312,529.6199951171875,527.6500244140625,529.535400390625,1413605,63.78436262193698,525.6010199654254,524.9767763490133,False,False
2025-08-12 21:00:00+02:00,MSFT,529.5599975585938,530.97998046875,529.0999755859375,529.6799926757812,1667275,64.09790590685668,526.2285542285571,525.3251627435887,False,False
2025-08-12 22:00:00+02:00,MSFT,529.6749877929688,530.7999267578125,528.8800048828125,529.4600219726562,2450266,63.20144209278645,526.7257031122647,525.6314486124086,False,False
2025-08-13 16:00:00+02:00,MSFT,530.8099975585938,532.7000122070312,528.8906860351562,530.5349731445312,2384912,65.72425153375383,527.3117446556903,525.9946726518251,False,False
2025-08-13 17:00:00+02:00,MSFT,530.5700073242188,531.8400268554688,529.4002075195312,529.5,1905674,61.362304982667084,527.6483993240456,526.2543265294677,True,False
2025-08-13 18:00:00+02:00,MSFT,529.5499267578125,529.5850219726562,526.860107421875,528.219970703125,1673556,56.37868261415442,527.7363333823655,526.3999298015905,False,True
2025-08-13 19:00:00+02:00,MSFT,528.2000122070312,528.5999755859375,524.9600219726562,525.155029296875,1433508,46.61606977361232,527.3392096769054,526.3077149493894,False,False
2025-08-13 20:00:00+02:00,MSFT,525.1599731445312,525.4199829101562,523.6500244140625,523.97998046875,1842403,43.505675257210534,526.8224051833431,526.1352901730457,False,False
2025-08-13 21:00:00+02:00,MSFT,523.969970703125,524.5999145507812,522.3499755859375,522.9550170898438,1626078,40.93964922432438,526.2274223997279,525.8997143891048,False,False
2025-08-13 22:00:00+02:00,MSFT,522.9099731445312,522.9650268554688,519.3699951171875,520.6900024414062,5378171,35.90044127108722,525.3755116369091,525.5138098003864,False,False
2025-08-14 16:00:00+02:00,MSFT,522.405029296875,524.369873046875,520.155029296875,522.530029296875,2843199,42.131971163978946,524.9377451230577,525.2927890223485,False,False
2025-08-14 17:00:00+02:00,MSFT,522.510009765625,525.9498901367188,521.8201293945312,524.0999755859375,2331298,46.87728782767262,524.8088575019623,525.2044324715032,False,False
2025-08-14 18:00:00+02:00,MSFT,524.0800170898438,524.8098754882812,521.7999877929688,523.3400268554688,2236032,44.95555055675166,524.582883556348,525.066328351797,False,False
2025-08-14 19:00:00+02:00,MSFT,523.3099975585938,525.0700073242188,522.5399780273438,523.9949951171875,1523261,46.97320845468901,524.4924391810925,524.9869703344185,False,False
2025-08-14 20:00:00+02:00,MSFT,523.9949951171875,524.1799926757812,521.9400024414062,521.9650268554688,1607257,41.85272029590194,524.103606515612,524.7631226693111,False,False
2025-08-14 21:00:00+02:00,MSFT,521.9600219726562,522.4099731445312,520.1400146484375,520.9500122070312,2124839,39.53222776282171,523.6184381604457,524.4806700424756,False,False
2025-08-14 22:00:00+02:00,MSFT,520.9099731445312,523.1300048828125,520.7449951171875,522.510009765625,3206459,44.61483156686202,523.4479107150887,524.3346952071533,False,False
2025-08-15 16:00:00+02:00,MSFT,521.385009765625,523.1900024414062,520.8599853515625,523.0900268554688,4029872,46.41818665855842,523.3928516597625,524.242497551473,False,False
2025-08-15 17:00:00+02:00,MSFT,523.2000122070312,524.510009765625,521.3300170898438,522.0999755859375,2060727,43.79679633636322,523.1939476484048,524.0837922206927,False,False
2025-08-15 18:00:00+02:00,MSFT,522.10498046875,524.8536987304688,522.0300903320312,524.0349731445312,1483612,49.76762554177569,523.3233361862704,524.0801759928288,False,False
2025-08-15 19:00:00+02:00,MSFT,524.030029296875,525.1599731445312,523.7050170898438,525.030029296875,1569958,52.55876425786051,523.5859043571326,524.1505354968322,False,False
2025-08-15 20:00:00+02:00,MSFT,524.99072265625,526.0999755859375,524.52001953125,525.9000244140625,1086428,54.91739846169794,523.9419228274295,524.2801272684789,False,False
2025-08-15 21:00:00+02:00,MSFT,525.875,525.875,522.580078125,522.6799926757812,1925544,45.834488502904456,523.747779727176,524.1615987801309,False,False
2025-08-15 22:00:00+02:00,MSFT,522.6199951171875,523.4000244140625,519.0900268554688,520.1400146484375,4845855,40.18814261808557,523.1927389458316,523.8637036592647,False,False
2025-08-18 16:00:00+02:00,MSFT,521.8300170898438,522.8200073242188,518.3599853515625,520.0401000976562,2233747,39.97950339893934,522.7077175845739,523.5804737658123,False,False
2025-08-18 17:00:00+02:00,MSFT,520.10498046875,520.248779296875,517.0999755859375,517.4550170898438,2783868,34.92717155902537,521.8996098161538,523.126736234259,False,False
2025-08-18 18:00:00+02:00,MSFT,517.410888671875,517.7896118164062,515.7999877929688,516.9400024414062,1989198,34.00517508610935,521.1365932969619,522.6684596570107,False,False
2025-08-18 19:00:00+02:00,MSFT,516.9299926757812,517.8494873046875,515.760009765625,516.0,1969139,32.32777838087755,520.3463481743523,522.1744996824173,False,False
2025-08-18 20:00:00+02:00,MSFT,515.9949951171875,517.0,515.239990234375,515.5499877929688,1900055,31.52602647191715,519.6084465772163,521.6837950980137,False,False
2025-08-18 21:00:00+02:00,MSFT,515.5499877929688,516.3499755859375,515.4000244140625,515.8798828125,1874938,32.84096288233255,519.0348213826446,521.2538756694571,False,False
2025-08-18 22:00:00+02:00,MSFT,515.8900146484375,517.3049926757812,514.02001953125,517.1400146484375,5861237,37.75783401559286,518.7433126543051,520.9491452234556,False,False
2025-08-19 16:00:00+02:00,MSFT,515.0,515.1641235351562,511.7001037597656,513.8499755859375,2543121,31.31217465978395,517.990491566864,520.4232808058617,False,False
2025-08-19 17:00:00+02:00,MSFT,513.8300170898438,514.052490234375,509.0201110839844,509.7650146484375,3065693,25.49309417278252,516.7250335794138,519.6337796090155,False,False
2025-08-19 18:00:00+02:00,MSFT,509.7300109863281,510.29998779296875,508.57000732421875,510.19500732421875,3116474,27.030332951691264,515.7204141555376,518.9346112916231,False,False
2025-08-19 19:00:00+02:00,MSFT,510.2049865722656,510.9798889160156,509.68011474609375,510.760009765625,1687314,29.10029869722851,514.9572750186279,518.3290852526603,False,False
2025-08-19 20:00:00+02:00,MSFT,510.760009765625,511.9100036621094,509.80999755859375,510.57000732421875,1350782,28.804379689945392,514.2823107579496,517.7543387394425,False,False
2025-08-19 21:00:00+02:00,MSFT,510.5150146484375,510.92999267578125,509.1401062011719,509.17498779296875,1607714,26.660732622821087,513.4965687633372,517.118831261926,False,False
2025-08-19 22:00:00+02:00,MSFT,509.1650085449219,509.8299865722656,508.54998779296875,509.7099914550781,3252343,28.847712436757604,512.9140184082205,516.5700283132705,False,False
2025-08-20 16:00:00+02:00,MSFT,509.864990234375,510.9800109863281,506.239990234375,507.25,3635520,25.136062702562995,512.042630960802,515.8796558456208,False,False
2025-08-20 17:00:00+02:00,MSFT,507.3399963378906,508.239990234375,506.010009765625,506.3500061035156,3143248,23.923322568330377,511.16684252121945,515.1737558647242,False,False
2025-08-20 18:00:00+02:00,MSFT,506.30999755859375,507.0,504.44000244140625,505.2799987792969,4376480,22.53147404277277,510.2611742532314,514.4408849695074,False,False
2025-08-20 19:00:00+02:00,MSFT,505.25,506.4599914550781,504.739990234375,505.7493896484375,2073561,24.603774173110608,509.5670535448015,513.7970705012799,False,False
2025-08-20 20:00:00+02:00,MSFT,505.7200012207031,507.6199951171875,505.1300048828125,505.95001220703125,1984690,25.52082212849477,509.010585646683,513.2158069239282,False,False
2025-08-20 21:00:00+02:00,MSFT,505.9649963378906,506.0899963378906,504.760009765625,505.0,2509701,24.030308695188552,508.3935724702702,512.6072286332669,False,False
2025-08-20 22:00:00+02:00,MSFT,504.9800109863281,507.46551513671875,504.8900146484375,505.4599914550781,3680685,26.27552498409524,507.94225231408683,512.0778036571048,False,False
2025-08-21 16:00:00+02:00,MSFT,503.69000244140625,505.42999267578125,502.7200927734375,504.8500061035156,1923412,25.21145531632071,507.4665221278451,511.54241124572786,False,False
2025-08-21 17:00:00+02:00,MSFT,504.8999938964844,507.6300048828125,504.760009765625,506.71038818359375,1729899,33.991307725966664,507.3501938287295,511.1844836114957,False,False
2025-08-21 18:00:00+02:00,MSFT,506.6400146484375,507.139892578125,505.45001220703125,506.2149963378906,1039267,32.88424704889114,507.17554806090817,510.8163734430805,False,False
2025-08-21 19:00:00+02:00,MSFT,506.2699890136719,506.95001220703125,504.42999267578125,505.0,1969945,30.27951383389832,506.84084835923,510.3855309658153,False,False
2025-08-21 20:00:00+02:00,MSFT,504.989990234375,506.010009765625,503.8999938964844,505.3800048828125,2125437,32.09127039746075,506.61610320901195,510.01475125596323,False,False
2025-08-21 21:00:00+02:00,MSFT,505.3800048828125,506.0,504.8500061035156,505.75,2435282,33.89255084638222,506.48285656147164,509.69884375552147,False,False
